r_(Angstroms),rho/rho_uniforme
0.000000,0.000000
0.010000,0.000000
0.020000,0.000000
0.030000,0.000000
0.040000,0.000000
0.050000,0.000000
0.060000,0.000000
0.070000,0.000000
0.080000,0.000000
0.090000,0.000000
0.100000,0.000000
0.110000,0.000000
0.120000,0.000000
0.130000,0.000000
0.140000,0.000000
0.150000,0.000000
0.160000,0.000000
0.170000,0.000000
0.180000,0.000000
0.190000,0.000000
0.200000,0.000000
0.210000,0.000000
0.220000,0.000000
0.230000,0.000000
0.240000,0.000000
0.250000,0.000000
0.260000,0.000000
0.270000,0.000000
0.280000,0.000000
0.290000,0.000000
0.300000,0.000000
0.310000,0.000000
0.320000,0.000000
0.330000,0.000000
0.340000,0.000000
0.350000,0.000000
0.360000,0.000000
0.370000,0.000000
0.380000,0.000000
0.390000,0.000000
0.400000,0.000000
0.410000,0.000000
0.420000,0.000000
0.430000,0.000000
0.440000,0.000000
0.450000,0.000000
0.460000,0.000000
0.470000,0.000000
0.480000,0.000000
0.490000,0.000000
0.500000,0.000000
0.510000,0.000000
0.520000,0.000000
0.530000,0.000000
0.540000,0.000000
0.550000,0.000000
0.560000,0.000000
0.570000,0.000000
0.580000,0.000000
0.590000,0.000000
0.600000,0.000000
0.610000,0.000000
0.620000,0.000000
0.630000,0.000000
0.640000,0.000000
0.650000,0.000000
0.660000,0.000000
0.670000,0.000000
0.680000,0.000000
0.690000,0.000000
0.700000,0.000000
0.710000,0.000000
0.720000,0.000000
0.730000,0.000000
0.740000,0.000000
0.750000,0.000000
0.760000,0.000000
0.770000,0.000000
0.780000,0.000000
0.790000,0.000000
0.800000,0.000000
0.810000,0.000000
0.820000,0.000000
0.830000,0.000000
0.840000,0.000000
0.850000,0.000000
0.860000,0.000000
0.870000,0.000000
0.880000,0.000000
0.890000,0.000000
0.900000,0.000000
0.910000,0.000000
0.920000,0.000000
0.930000,0.000000
0.940000,0.000000
0.950000,0.000000
0.960000,0.000000
0.970000,0.000000
0.980000,0.000000
0.990000,0.000000
1.000000,0.000000
1.010000,0.000000
1.020000,0.000000
1.030000,0.000000
1.040000,0.000000
1.050000,0.000000
1.060000,0.000000
1.070000,0.000000
1.080000,0.000000
1.090000,0.000000
1.100000,0.000000
1.110000,0.000000
1.120000,0.000000
1.130000,0.000000
1.140000,0.000000
1.150000,0.000000
1.160000,0.000000
1.170000,0.000000
1.180000,0.000000
1.190000,0.000000
1.200000,0.000000
1.210000,0.000000
1.220000,0.000000
1.230000,0.000000
1.240000,0.000000
1.250000,0.000000
1.260000,0.000000
1.270000,0.000000
1.280000,0.000000
1.290000,0.000000
1.300000,0.000000
1.310000,0.000000
1.320000,0.000000
1.330000,0.000000
1.340000,0.000000
1.350000,0.000000
1.360000,0.000000
1.370000,0.000000
1.380000,0.000000
1.390000,0.000000
1.400000,0.000000
1.410000,0.000000
1.420000,0.000000
1.430000,0.000000
1.440000,0.000000
1.450000,0.000000
1.460000,0.000000
1.470000,0.000000
1.480000,0.000000
1.490000,0.000000
1.500000,0.000000
1.510000,0.000000
1.520000,0.000000
1.530000,0.000000
1.540000,0.000000
1.550000,0.000000
1.560000,0.000000
1.570000,0.000000
1.580000,0.000000
1.590000,0.000000
1.600000,0.000000
1.610000,0.000000
1.620000,0.000000
1.630000,0.000000
1.640000,0.000000
1.650000,0.000000
1.660000,0.000000
1.670000,0.000000
1.680000,0.000000
1.690000,0.000000
1.700000,0.000000
1.710000,0.000000
1.720000,0.000000
1.730000,0.000000
1.740000,0.000000
1.750000,0.000000
1.760000,0.000000
1.770000,0.000000
1.780000,0.000000
1.790000,0.000000
1.800000,0.000000
1.810000,0.000000
1.820000,0.000000
1.830000,0.000000
1.840000,0.000000
1.850000,0.000000
1.860000,0.000000
1.870000,0.000000
1.880000,0.000000
1.890000,0.000000
1.900000,0.000000
1.910000,0.000000
1.920000,0.000000
1.930000,0.000000
1.940000,0.000000
1.950000,0.000000
1.960000,0.000000
1.970000,0.000000
1.980000,0.000000
1.990000,0.000000
2.000000,0.000000
2.010000,0.000000
2.020000,0.000000
2.030000,0.000000
2.040000,0.000000
2.050000,0.000000
2.060000,0.000000
2.070000,0.000000
2.080000,0.000000
2.090000,0.000000
2.100000,0.000000
2.110000,0.000000
2.120000,0.000000
2.130000,0.000000
2.140000,0.000000
2.150000,0.000000
2.160000,0.000000
2.170000,0.000000
2.180000,0.000000
2.190000,0.000000
2.200000,0.000000
2.210000,0.000000
2.220000,0.000000
2.230000,0.000000
2.240000,0.000000
2.250000,0.000000
2.260000,0.000000
2.270000,0.000000
2.280000,0.000000
2.290000,0.000000
2.300000,0.000000
2.310000,0.000000
2.320000,0.000000
2.330000,0.000000
2.340000,0.000000
2.350000,0.000000
2.360000,0.000000
2.370000,0.000000
2.380000,0.000000
2.390000,0.000000
2.400000,0.000000
2.410000,0.000000
2.420000,0.000000
2.430000,0.000000
2.440000,0.000000
2.450000,0.000000
2.460000,0.000000
2.470000,0.000000
2.480000,0.000000
2.490000,0.000000
2.500000,0.000000
2.510000,0.000000
2.520000,0.000000
2.530000,0.000000
2.540000,0.000000
2.550000,0.000000
2.560000,0.000000
2.570000,0.000000
2.580000,0.000000
2.590000,0.000000
2.600000,0.000000
2.610000,0.000000
2.620000,0.000000
2.630000,0.000000
2.640000,0.000000
2.650000,0.000000
2.660000,0.000000
2.670000,0.000000
2.680000,0.000000
2.690000,0.000000
2.700000,0.000000
2.710000,0.000000
2.720000,0.000000
2.730000,0.000000
2.740000,0.000000
2.750000,0.000000
2.760000,0.000000
2.770000,0.000000
2.780000,0.000000
2.790000,0.000000
2.800000,0.000000
2.810000,0.000000
2.820000,0.000000
2.830000,0.000000
2.840000,0.000000
2.850000,0.000000
2.860000,0.000000
2.870000,0.000000
2.880000,0.000000
2.890000,0.000000
2.900000,0.000000
2.910000,0.000000
2.920000,0.000000
2.930000,0.000000
2.940000,0.000000
2.950000,0.000000
2.960000,0.000000
2.970000,0.000000
2.980000,0.000000
2.990000,0.000000
3.000000,0.000000
3.010000,0.000000
3.020000,0.000000
3.030000,0.000000
3.040000,0.000000
3.050000,0.008084
3.060000,0.059425
3.070000,0.327282
3.080000,0.974660
3.090000,0.705193
3.100000,0.995226
3.110000,0.803734
3.120000,1.303987
3.130000,0.982748
3.140000,0.396561
3.150000,0.293543
3.160000,0.944172
3.170000,0.651449
3.180000,2.379531
3.190000,2.478368
3.200000,5.809123
3.210000,8.934797
3.220000,10.903889
3.230000,13.867571
3.240000,17.668239
3.250000,9.711767
3.260000,11.725269
3.270000,7.509877
3.280000,10.796827
3.290000,9.310926
3.300000,13.168470
3.310000,12.436829
3.320000,12.941638
3.330000,13.657249
3.340000,10.044809
3.350000,10.966301
3.360000,8.854857
3.370000,7.834348
3.380000,6.907421
3.390000,5.822279
3.400000,3.756186
3.410000,2.767081
3.420000,3.176323
3.430000,3.222796
3.440000,2.345113
3.450000,1.719120
3.460000,2.448290
3.470000,2.075235
3.480000,1.728239
3.490000,1.906135
3.500000,2.275022
3.510000,1.728419
3.520000,1.529095
3.530000,1.138774
3.540000,1.454285
3.550000,1.054213
3.560000,0.618284
3.570000,1.178707
3.580000,1.229669
3.590000,0.901654
3.600000,0.619987
3.610000,1.026468
3.620000,1.040669
3.630000,0.962221
3.640000,0.925704
3.650000,0.957800
3.660000,0.392519
3.670000,0.629178
3.680000,0.681087
3.690000,0.591518
3.700000,0.240801
3.710000,0.459532
3.720000,0.543659
3.730000,0.338877
3.740000,0.131892
3.750000,0.235951
3.760000,0.209906
3.770000,0.217527
3.780000,0.220215
3.790000,0.196044
3.800000,0.129812
3.810000,0.164267
3.820000,0.213070
3.830000,0.090158
3.840000,0.275389
3.850000,0.165766
3.860000,0.115017
3.870000,0.234221
3.880000,0.055623
3.890000,0.211618
3.900000,0.071149
3.910000,0.158494
3.920000,0.055056
3.930000,0.210252
3.940000,0.032866
3.950000,0.162355
3.960000,0.026472
3.970000,0.051257
3.980000,0.043382
3.990000,0.044046
4.000000,0.044707
4.010000,0.012302
4.020000,0.031446
4.030000,0.030603
4.040000,0.012974
4.050000,0.058620
4.060000,0.065311
4.070000,0.006061
4.080000,0.096731
4.090000,0.116850
4.100000,0.035345
4.110000,0.052514
4.120000,0.023948
4.130000,0.135877
4.140000,0.096821
4.150000,0.020061
4.160000,0.054849
4.170000,0.076161
4.180000,0.025818
4.190000,0.013982
4.200000,0.025695
4.210000,0.026367
4.220000,0.016075
4.230000,0.047382
4.240000,0.021090
4.250000,0.017412
4.260000,0.058629
4.270000,0.020942
4.280000,0.085012
4.290000,0.062532
4.300000,0.018644
4.310000,0.090144
4.320000,0.080657
4.330000,0.012818
4.340000,0.078865
4.350000,0.063089
4.360000,0.041727
4.370000,0.048688
4.380000,0.070401
4.390000,0.056895
4.400000,0.053963
4.410000,0.034961
4.420000,0.103949
4.430000,0.014618
4.440000,0.065978
4.450000,0.048506
4.460000,0.042867
4.470000,0.042081
4.480000,0.021338
4.490000,0.035026
4.500000,0.030837
4.510000,0.036922
4.520000,0.064812
4.530000,0.028590
4.540000,0.037358
4.550000,0.039309
4.560000,0.010820
4.570000,0.033064
4.580000,0.131967
4.590000,0.046357
4.600000,0.017430
4.610000,0.120407
4.620000,0.076760
4.630000,0.015985
4.640000,0.053833
4.650000,0.054381
4.660000,0.011912
4.670000,0.040941
4.680000,0.015155
4.690000,0.014466
4.700000,0.029526
4.710000,0.007202
4.720000,0.009147
4.730000,0.022167
4.740000,0.016265
4.750000,0.025969
4.760000,0.016197
4.770000,0.034265
4.780000,0.009032
4.790000,0.025753
4.800000,0.025057
4.810000,0.037827
4.820000,0.028152
4.830000,0.086196
4.840000,0.018478
4.850000,0.064858
4.860000,0.163080
4.870000,0.096887
4.880000,0.089105
4.890000,0.151990
4.900000,0.164897
4.910000,0.053388
4.920000,0.171122
4.930000,0.154511
4.940000,0.108001
4.950000,0.069156
4.960000,0.118136
4.970000,0.061432
4.980000,0.021055
4.990000,0.031520
5.000000,0.017270
5.010000,0.020314
5.020000,0.022731
5.030000,0.014715
5.040000,0.010402
5.050000,0.023817
5.060000,0.020113
5.070000,0.004866
5.080000,0.046139
5.090000,0.036960
5.100000,0.025398
5.110000,0.041040
5.120000,0.222873
5.130000,0.008417
5.140000,0.059402
5.150000,0.124562
5.160000,0.003586
5.170000,0.066216
5.180000,0.154206
5.190000,0.020204
5.200000,0.045669
5.210000,0.039070
5.220000,0.092170
5.230000,0.226446
5.240000,0.200705
5.250000,0.244382
5.260000,0.197597
5.270000,0.273303
5.280000,0.206195
5.290000,0.315997
5.300000,0.154209
5.310000,0.243947
5.320000,0.412771
5.330000,0.456554
5.340000,0.295136
5.350000,0.552275
5.360000,0.435588
5.370000,0.521503
5.380000,0.317595
5.390000,0.428588
5.400000,0.703662
5.410000,0.597465
5.420000,0.744316
5.430000,1.058187
5.440000,0.840233
5.450000,0.709097
5.460000,0.754120
5.470000,0.795031
5.480000,0.826789
5.490000,0.714048
5.500000,0.874816
5.510000,1.054033
5.520000,1.125321
5.530000,0.849438
5.540000,1.091199
5.550000,1.216497
5.560000,1.605952
5.570000,1.855576
5.580000,1.880444
5.590000,1.141589
5.600000,1.612667
5.610000,2.037534
5.620000,2.036107
5.630000,1.904847
5.640000,2.225220
5.650000,2.392154
5.660000,3.172646
5.670000,2.793884
5.680000,2.946447
5.690000,3.317470
5.700000,1.894461
5.710000,2.332468
5.720000,1.662445
5.730000,2.216138
5.740000,2.559410
5.750000,3.361736
5.760000,3.252020
5.770000,3.699162
5.780000,4.141557
5.790000,4.376263
5.800000,5.013264
5.810000,3.879169
5.820000,3.590034
5.830000,3.996551
5.840000,3.141490
5.850000,2.458600
5.860000,3.925578
5.870000,2.384022
5.880000,2.986373
5.890000,2.611589
5.900000,2.451897
5.910000,2.281785
5.920000,2.263866
5.930000,1.861097
5.940000,2.240672
5.950000,1.512700
5.960000,1.730634
5.970000,1.701904
5.980000,1.415368
5.990000,1.473255
6.000000,1.699570
6.010000,1.151692
6.020000,1.404434
6.030000,1.069611
6.040000,1.286415
6.050000,1.369944
6.060000,0.938598
6.070000,1.289209
6.080000,0.949210
6.090000,0.688327
6.100000,1.004252
6.110000,0.504839
6.120000,0.610866
6.130000,0.647610
6.140000,0.412952
6.150000,0.601368
6.160000,0.545812
6.170000,0.475437
6.180000,0.464187
6.190000,0.580542
6.200000,0.619906
6.210000,0.993432
6.220000,0.647173
6.230000,0.388671
6.240000,0.611980
6.250000,0.480708
6.260000,0.485361
6.270000,0.359628
6.280000,0.926864
6.290000,0.476182
6.300000,0.554746
6.310000,0.445343
6.320000,0.341166
6.330000,0.248039
6.340000,0.414045
6.350000,0.430881
6.360000,0.418564
6.370000,0.551560
6.380000,0.832088
6.390000,0.850579
6.400000,0.956733
6.410000,1.330601
6.420000,1.920482
6.430000,2.392435
6.440000,2.473983
6.450000,3.550990
6.460000,3.520667
6.470000,3.760767
6.480000,4.261946
6.490000,4.161274
6.500000,3.350952
6.510000,2.990426
6.520000,2.044813
6.530000,2.721930
6.540000,2.358358
6.550000,1.678002
6.560000,1.729993
6.570000,1.809528
6.580000,2.560152
6.590000,2.306775
6.600000,3.478293
6.610000,3.051156
6.620000,2.882993
6.630000,2.779079
6.640000,3.450851
6.650000,3.455407
6.660000,1.984723
6.670000,3.057953
6.680000,3.075545
6.690000,3.010547
6.700000,2.839847
6.710000,2.569434
6.720000,1.964720
6.730000,2.305577
6.740000,1.447202
6.750000,1.907095
6.760000,1.982309
6.770000,1.373356
6.780000,1.142929
6.790000,1.126708
6.800000,1.010733
6.810000,0.799065
6.820000,0.846292
6.830000,0.722203
6.840000,0.740541
6.850000,0.846191
6.860000,0.853953
6.870000,0.543777
6.880000,0.959980
6.890000,0.715918
6.900000,0.475694
6.910000,0.741973
6.920000,0.590671
6.930000,0.442030
6.940000,0.521405
6.950000,0.421229
6.960000,0.558912
6.970000,0.797996
6.980000,0.817184
6.990000,0.526063
7.000000,0.916652
7.010000,0.746358
7.020000,0.755403
7.030000,0.745553
7.040000,0.462735
7.050000,0.512400
7.060000,0.389327
7.070000,0.384414
7.080000,0.377335
7.090000,0.377674
7.100000,0.411467
7.110000,0.433885
7.120000,0.409446
7.130000,0.266091
7.140000,0.404843
7.150000,0.314534
7.160000,0.287382
7.170000,0.431117
7.180000,0.337281
7.190000,0.371566
7.200000,0.211662
7.210000,0.450548
7.220000,0.299095
7.230000,0.296975
7.240000,0.204102
7.250000,0.174460
7.260000,0.283426
7.270000,0.124332
7.280000,0.183064
7.290000,0.137533
7.300000,0.237078
7.310000,0.149818
7.320000,0.247389
7.330000,0.309761
7.340000,0.230323
7.350000,0.218258
7.360000,0.305565
7.370000,0.210131
7.380000,0.215281
7.390000,0.163643
7.400000,0.316005
7.410000,0.186100
7.420000,0.145935
7.430000,0.215494
7.440000,0.233864
7.450000,0.163568
7.460000,0.140191
7.470000,0.246141
7.480000,0.099810
7.490000,0.132216
7.500000,0.144380
7.510000,0.125291
7.520000,0.132509
7.530000,0.167158
7.540000,0.127248
7.550000,0.145058
7.560000,0.135889
7.570000,0.158124
7.580000,0.087912
7.590000,0.204451
7.600000,0.121373
7.610000,0.107430
7.620000,0.114172
7.630000,0.160521
7.640000,0.089241
7.650000,0.104852
7.660000,0.140158
7.670000,0.066770
7.680000,0.125733
7.690000,0.114738
7.700000,0.121400
7.710000,0.131646
7.720000,0.091514
7.730000,0.155652
7.740000,0.111606
7.750000,0.093150
7.760000,0.060827
7.770000,0.162792
7.780000,0.076929
7.790000,0.053861
7.800000,0.065262
7.810000,0.050563
7.820000,0.106914
7.830000,0.050040
7.840000,0.019282
7.850000,0.086462
7.860000,0.108725
7.870000,0.036065
7.880000,0.057944
7.890000,0.076640
7.900000,0.047644
7.910000,0.036663
7.920000,0.107123
7.930000,0.092982
7.940000,0.050512
7.950000,0.097017
7.960000,0.061626
7.970000,0.042581
7.980000,0.109798
7.990000,0.084948
8.000000,0.107595
8.010000,0.127489
8.020000,0.158875
8.030000,0.099893
8.040000,0.204911
8.050000,0.166331
8.060000,0.220096
8.070000,0.288256
8.080000,0.174114
8.090000,0.277628
8.100000,0.413263
8.110000,0.216458
8.120000,0.202513
8.130000,0.353298
8.140000,0.203911
8.150000,0.581834
8.160000,0.319106
8.170000,0.411234
8.180000,0.406960
8.190000,0.444888
8.200000,0.404463
8.210000,0.444180
8.220000,0.549859
8.230000,0.546942
8.240000,0.430208
8.250000,0.546364
8.260000,0.503870
8.270000,0.489831
8.280000,0.629714
8.290000,0.731672
8.300000,0.526348
8.310000,0.641922
8.320000,0.753880
8.330000,0.559269
8.340000,1.044690
8.350000,0.652150
8.360000,0.593430
8.370000,0.868440
8.380000,0.992213
8.390000,0.873358
8.400000,0.789678
8.410000,0.862478
8.420000,1.161918
8.430000,0.830422
8.440000,0.728546
8.450000,0.856572
8.460000,0.811068
8.470000,1.090590
8.480000,0.904479
8.490000,1.504843
8.500000,1.114329
8.510000,1.300095
8.520000,1.720804
8.530000,1.201922
8.540000,1.174503
8.550000,1.580532
8.560000,1.323502
8.570000,1.683409
8.580000,1.683606
8.590000,2.092900
8.600000,1.869116
8.610000,1.684193
8.620000,1.959273
8.630000,2.392450
8.640000,2.011519
8.650000,1.683543
8.660000,2.080980
8.670000,1.634112
8.680000,2.356994
8.690000,1.663017
8.700000,1.542304
8.710000,2.159369
8.720000,1.881975
8.730000,2.288723
8.740000,2.585813
8.750000,2.575807
8.760000,1.965312
8.770000,2.686384
8.780000,2.964450
8.790000,2.966344
8.800000,3.362667
8.810000,4.295660
8.820000,4.218032
8.830000,4.396002
8.840000,4.320879
8.850000,4.102291
8.860000,4.291978
8.870000,4.674985
8.880000,3.334127
8.890000,3.942938
8.900000,3.833816
8.910000,2.835690
8.920000,3.416726
8.930000,2.885315
8.940000,3.109523
8.950000,2.612047
8.960000,2.984818
8.970000,2.674331
8.980000,2.338423
8.990000,2.175206
9.000000,2.281807
9.010000,1.879649
9.020000,1.910062
9.030000,1.748725
9.040000,1.628700
9.050000,1.432914
9.060000,1.398300
9.070000,1.418190
9.080000,1.209011
9.090000,1.249771
9.100000,0.958168
9.110000,0.705475
9.120000,1.259533
9.130000,1.027340
9.140000,0.885450
9.150000,1.124908
9.160000,1.031388
9.170000,0.784979
9.180000,0.755220
9.190000,0.649313
9.200000,0.544642
9.210000,0.909544
9.220000,0.819208
9.230000,0.550227
9.240000,0.876874
9.250000,0.950977
9.260000,0.650072
9.270000,0.701626
9.280000,0.888390
9.290000,0.697128
9.300000,0.592535
9.310000,0.630012
9.320000,0.431365
9.330000,0.628662
9.340000,0.526242
9.350000,0.700576
9.360000,0.612144
9.370000,0.773831
9.380000,0.678272
9.390000,0.711394
9.400000,0.773332
9.410000,0.694472
9.420000,0.509984
9.430000,0.674350
9.440000,0.703052
9.450000,0.736918
9.460000,0.535878
9.470000,0.729498
9.480000,0.475187
9.490000,0.489968
9.500000,0.479709
9.510000,0.457467
9.520000,0.302389
9.530000,0.567235
9.540000,0.543354
9.550000,0.426151
9.560000,0.441520
9.570000,0.537138
9.580000,0.444142
9.590000,0.416331
9.600000,0.701305
9.610000,0.451425
9.620000,0.869517
9.630000,0.938142
9.640000,0.718881
9.650000,1.132839
9.660000,1.166163
9.670000,1.435856
9.680000,1.779260
9.690000,1.758320
9.700000,1.657263
9.710000,2.428998
9.720000,2.224609
9.730000,2.048547
9.740000,2.099031
9.750000,1.392751
9.760000,1.489643
9.770000,1.170726
9.780000,1.032606
9.790000,1.133982
9.800000,0.831515
9.810000,0.912445
9.820000,0.937910
9.830000,0.962067
9.840000,1.235777
9.850000,1.017753
9.860000,1.047076
9.870000,1.012253
9.880000,0.954078
9.890000,0.985560
9.900000,1.279716
9.910000,1.227675
9.920000,1.308864
9.930000,1.415991
9.940000,1.279226
9.950000,1.129711
9.960000,1.307637
9.970000,1.312207
9.980000,1.389732
9.990000,1.142177
10.000000,1.464401
10.010000,1.337174
10.020000,1.174480
10.030000,1.335124
10.040000,1.393416
10.050000,1.094221
10.060000,1.097428
10.070000,1.259962
10.080000,0.968217
10.090000,0.925668
10.100000,0.813855
10.110000,0.651600
10.120000,0.716510
10.130000,0.685343
10.140000,0.450359
10.150000,0.779144
10.160000,0.601626
10.170000,0.443873
10.180000,0.460411
10.190000,0.594102
10.200000,0.542094
10.210000,0.555767
10.220000,0.672065
10.230000,0.497675
10.240000,0.681601
10.250000,0.736627
10.260000,0.731097
10.270000,0.510159
10.280000,0.721572
10.290000,0.393720
10.300000,0.457746
10.310000,0.677274
10.320000,0.453571
10.330000,0.422963
10.340000,0.418078
10.350000,0.513074
10.360000,0.545043
10.370000,0.550767
10.380000,0.563316
10.390000,0.467147
10.400000,0.604364
10.410000,0.208968
10.420000,0.350611
10.430000,0.413880
10.440000,0.268366
10.450000,0.343699
10.460000,0.364905
10.470000,0.303257
10.480000,0.402779
10.490000,0.323564
10.500000,0.364103
10.510000,0.344674
10.520000,0.388049
10.530000,0.358085
10.540000,0.312368
10.550000,0.324649
10.560000,0.291323
10.570000,0.385631
10.580000,0.291064
10.590000,0.325172
10.600000,0.428205
10.610000,0.376325
10.620000,0.287354
10.630000,0.318143
10.640000,0.475606
10.650000,0.334640
10.660000,0.322458
10.670000,0.237424
10.680000,0.281695
10.690000,0.406128
10.700000,0.259252
10.710000,0.247486
10.720000,0.274312
10.730000,0.320931
10.740000,0.319770
10.750000,0.336982
10.760000,0.413524
10.770000,0.510552
10.780000,0.312573
10.790000,0.389783
10.800000,0.269424
10.810000,0.359661
10.820000,0.344499
10.830000,0.365835
10.840000,0.439224
10.850000,0.547173
10.860000,0.371644
10.870000,0.373857
10.880000,0.402726
10.890000,0.322735
10.900000,0.336027
10.910000,0.313376
10.920000,0.463982
10.930000,0.456782
10.940000,0.513622
10.950000,0.396771
10.960000,0.601933
10.970000,0.499841
10.980000,0.463415
10.990000,0.594395
11.000000,0.292860
11.010000,0.372188
11.020000,0.372691
11.030000,0.403406
11.040000,0.300743
11.050000,0.321136
11.060000,0.340375
11.070000,0.279859
11.080000,0.325279
11.090000,0.474958
11.100000,0.358330
11.110000,0.381894
11.120000,0.410687
11.130000,0.452736
11.140000,0.378096
11.150000,0.493160
11.160000,0.396220
11.170000,0.431502
11.180000,0.484109
11.190000,0.405362
11.200000,0.587387
11.210000,0.588515
11.220000,0.722750
11.230000,0.714413
11.240000,1.243346
11.250000,1.021716
11.260000,0.984635
11.270000,0.997178
11.280000,0.961553
11.290000,0.845089
11.300000,1.172575
11.310000,0.874698
11.320000,1.093089
11.330000,1.194256
11.340000,1.130346
11.350000,1.187531
11.360000,0.763556
11.370000,0.841588
11.380000,1.363634
11.390000,0.760191
11.400000,0.887285
11.410000,0.988464
11.420000,0.978952
11.430000,0.862279
11.440000,1.071917
11.450000,0.958601
11.460000,1.051738
11.470000,1.217887
11.480000,1.054476
11.490000,1.212008
11.500000,1.329287
11.510000,1.284969
11.520000,1.299658
11.530000,1.861621
11.540000,1.084559
11.550000,1.473949
11.560000,1.916852
11.570000,1.419128
11.580000,1.397118
11.590000,1.760400
11.600000,1.881250
11.610000,1.712185
11.620000,1.974675
11.630000,2.123950
11.640000,2.045777
11.650000,1.998464
11.660000,2.405099
11.670000,1.989752
11.680000,2.013940
11.690000,1.870996
11.700000,1.486709
11.710000,1.805875
11.720000,1.909388
11.730000,2.081385
11.740000,2.093281
11.750000,2.079157
11.760000,1.800300
11.770000,2.004052
11.780000,1.614927
11.790000,1.839429
11.800000,1.721762
11.810000,2.248886
11.820000,2.001844
11.830000,1.940158
11.840000,2.205921
11.850000,2.116304
11.860000,1.778622
11.870000,1.980937
11.880000,1.966283
11.890000,1.736764
11.900000,1.803504
11.910000,2.193997
11.920000,1.965900
11.930000,2.375262
11.940000,2.256716
11.950000,2.235461
11.960000,2.690271
11.970000,2.480242
11.980000,2.199729
11.990000,1.982995
12.000000,2.582561
12.010000,3.141561
12.020000,2.189331
12.030000,2.715921
12.040000,2.857961
12.050000,2.827933
12.060000,2.602469
12.070000,2.711526
12.080000,2.502880
12.090000,1.995442
12.100000,2.210311
12.110000,1.928953
12.120000,1.899101
12.130000,2.269208
12.140000,1.650684
12.150000,1.945210
12.160000,1.663450
12.170000,1.616190
12.180000,1.467159
12.190000,1.038143
12.200000,1.075739
12.210000,1.253791
12.220000,0.885850
12.230000,0.850558
12.240000,1.021803
12.250000,0.943886
12.260000,0.829600
12.270000,0.770326
12.280000,0.857148
12.290000,0.927759
12.300000,0.768197
12.310000,0.818210
12.320000,0.726124
12.330000,0.895469
12.340000,0.783463
12.350000,1.061429
12.360000,0.851852
12.370000,0.898063
12.380000,0.849230
12.390000,1.023385
12.400000,0.899375
12.410000,0.634078
12.420000,0.665619
12.430000,0.644975
12.440000,0.658348
12.450000,0.491753
12.460000,0.573087
12.470000,0.638700
12.480000,0.555107
12.490000,0.471402
12.500000,0.621368
12.510000,0.459055
12.520000,0.728085
12.530000,0.516444
12.540000,0.496592
12.550000,0.846337
12.560000,0.496784
12.570000,0.459565
12.580000,0.662308
12.590000,0.481630
12.600000,0.557170
12.610000,0.381757
12.620000,0.437939
12.630000,0.489390
12.640000,0.448476
12.650000,0.374939
12.660000,0.447524
12.670000,0.476642
12.680000,0.523479
12.690000,0.525012
12.700000,0.677678
12.710000,0.564490
12.720000,0.594856
12.730000,0.653052
12.740000,0.593438
12.750000,0.745936
12.760000,0.610163
12.770000,0.565221
12.780000,0.593513
12.790000,0.640580
12.800000,0.648518
12.810000,0.597664
12.820000,0.717553
12.830000,0.822102
12.840000,0.785411
12.850000,0.738692
12.860000,0.816345
12.870000,0.699900
12.880000,0.841193
12.890000,0.825937
12.900000,0.909501
12.910000,1.130140
12.920000,1.286188
12.930000,1.216936
12.940000,1.259876
12.950000,1.528652
12.960000,1.584143
12.970000,1.416136
12.980000,1.236738
12.990000,1.202290
13.000000,0.844825
13.010000,0.776813
13.020000,0.822434
13.030000,0.799304
13.040000,0.725803
13.050000,0.850339
13.060000,0.735325
13.070000,0.759318
13.080000,0.821730
13.090000,0.803421
13.100000,0.690208
13.110000,0.826441
13.120000,0.633412
13.130000,0.722005
13.140000,0.479562
13.150000,0.611786
13.160000,0.503455
13.170000,0.605234
13.180000,0.647387
13.190000,0.734865
13.200000,0.760726
13.210000,0.781876
13.220000,0.742536
13.230000,0.839007
13.240000,0.643523
13.250000,0.770666
13.260000,0.914142
13.270000,0.717879
13.280000,0.891155
13.290000,0.898611
13.300000,0.780995
13.310000,0.804058
13.320000,0.743913
13.330000,1.031577
13.340000,0.703010
13.350000,0.750795
13.360000,0.849325
13.370000,0.809452
13.380000,0.593432
13.390000,0.876923
13.400000,0.716444
13.410000,0.723504
13.420000,0.904627
13.430000,0.927391
13.440000,0.641068
13.450000,0.739020
13.460000,0.732052
13.470000,0.789012
13.480000,0.631383
13.490000,0.593170
13.500000,0.564385
13.510000,0.648711
13.520000,0.549628
13.530000,0.617874
13.540000,0.567277
13.550000,0.447748
13.560000,0.705946
13.570000,0.760914
13.580000,0.747855
13.590000,0.602204
13.600000,0.585424
13.610000,0.796317
13.620000,0.593854
13.630000,0.590022
13.640000,0.667870
13.650000,0.584637
13.660000,0.580820
13.670000,0.762799
13.680000,0.710583
13.690000,0.780846
13.700000,0.641070
13.710000,0.589282
13.720000,0.695017
13.730000,0.631128
13.740000,0.557226
13.750000,0.592506
13.760000,0.450560
13.770000,0.489228
13.780000,0.542396
13.790000,0.479344
13.800000,0.531100
13.810000,0.478203
13.820000,0.456644
13.830000,0.586179
13.840000,0.509944
13.850000,0.518934
13.860000,0.429053
13.870000,0.535986
13.880000,0.522037
13.890000,0.514330
13.900000,0.476218
13.910000,0.598560
13.920000,0.454029
13.930000,0.477408
13.940000,0.473745
13.950000,0.354612
13.960000,0.594207
13.970000,0.613221
13.980000,0.550312
13.990000,0.679623
14.000000,0.859227
14.010000,0.793194
14.020000,0.686093
14.030000,0.854971
14.040000,0.816557
14.050000,0.697149
14.060000,0.651219
14.070000,0.610180
14.080000,0.663883
14.090000,0.578870
14.100000,0.665568
14.110000,0.685874
14.120000,0.804501
14.130000,0.829703
14.140000,0.865127
14.150000,0.996025
14.160000,0.827074
14.170000,0.949757
14.180000,0.892068
14.190000,0.752689
14.200000,0.851476
14.210000,0.853918
14.220000,0.837475
14.230000,0.602454
14.240000,0.637139
14.250000,0.698845
14.260000,0.699221
14.270000,0.714086
14.280000,0.795706
14.290000,1.098784
14.300000,0.934651
14.310000,0.938743
14.320000,1.199278
14.330000,0.911806
14.340000,0.762035
14.350000,0.891396
14.360000,0.776232
14.370000,0.884572
14.380000,0.735021
14.390000,1.016735
14.400000,0.927306
14.410000,1.039310
14.420000,1.347619
14.430000,1.092190
14.440000,1.022191
14.450000,1.257474
14.460000,1.144347
14.470000,1.349789
14.480000,1.312413
14.490000,1.428218
14.500000,1.311242
14.510000,1.356491
14.520000,1.488817
14.530000,1.608218
14.540000,1.462574
14.550000,1.382244
14.560000,1.717664
14.570000,1.656121
14.580000,1.740920
14.590000,2.250117
14.600000,1.963436
14.610000,2.258867
14.620000,2.246768
14.630000,2.061294
14.640000,1.709757
14.650000,2.098505
14.660000,1.762157
14.670000,1.618329
14.680000,1.907752
14.690000,1.857926
14.700000,1.782346
14.710000,2.132746
14.720000,2.309290
14.730000,1.805743
14.740000,2.181585
14.750000,1.874432
14.760000,1.857690
14.770000,2.005616
14.780000,2.186332
14.790000,1.973484
14.800000,1.653329
14.810000,2.057296
14.820000,1.574260
14.830000,1.469151
14.840000,1.705230
14.850000,1.666675
14.860000,1.464317
14.870000,1.474955
14.880000,1.456335
14.890000,1.447481
14.900000,1.577616
14.910000,1.472862
14.920000,1.395758
14.930000,1.203211
14.940000,1.311678
14.950000,1.092609
14.960000,1.205543
14.970000,1.138770
14.980000,1.043863
14.990000,1.550030
15.000000,1.022515
15.010000,1.367243
15.020000,1.369826
15.030000,1.249414
15.040000,1.307063
15.050000,1.265184
15.060000,1.406352
15.070000,1.220911
15.080000,1.578028
15.090000,1.264081
15.100000,1.546304
15.110000,1.865325
15.120000,1.579774
15.130000,1.717022
15.140000,1.785600
15.150000,1.727996
15.160000,1.574385
15.170000,1.606101
15.180000,1.491805
15.190000,1.614754
15.200000,1.613083
15.210000,1.456198
15.220000,1.496402
15.230000,1.463607
15.240000,1.361398
15.250000,1.536361
15.260000,1.625955
15.270000,1.189768
15.280000,1.541020
15.290000,1.397314
15.300000,1.266100
15.310000,1.237860
15.320000,1.249944
15.330000,1.408567
15.340000,1.104070
15.350000,1.268210
15.360000,1.313796
15.370000,1.011160
15.380000,0.908168
15.390000,1.129159
15.400000,0.898372
15.410000,1.040178
15.420000,0.907014
15.430000,1.271437
15.440000,1.221045
15.450000,1.029097
15.460000,0.994496
15.470000,1.019388
15.480000,0.777105
15.490000,0.715838
15.500000,0.721151
15.510000,0.649652
15.520000,0.554185
15.530000,0.837002
15.540000,0.668654
15.550000,0.757334
15.560000,0.706272
15.570000,0.626932
15.580000,1.025861
15.590000,0.763112
15.600000,0.672810
15.610000,0.849716
15.620000,0.851938
15.630000,0.695212
15.640000,0.891102
15.650000,0.888167
15.660000,0.709646
15.670000,0.935679
15.680000,0.735312
15.690000,0.678393
15.700000,0.549799
15.710000,0.599345
15.720000,0.736975
15.730000,0.534625
15.740000,0.513894
15.750000,0.635445
15.760000,0.554168
15.770000,0.535813
15.780000,0.574001
15.790000,0.525949
15.800000,0.633044
15.810000,0.574864
15.820000,0.612151
15.830000,0.482510
15.840000,0.518054
15.850000,0.505461
15.860000,0.487046
15.870000,0.530493
15.880000,0.445038
15.890000,0.440874
15.900000,0.487956
15.910000,0.436635
15.920000,0.500525
15.930000,0.485100
15.940000,0.488668
15.950000,0.535766
15.960000,0.592861
15.970000,0.642347
15.980000,0.593471
15.990000,0.612786
16.000000,0.744721
16.010000,0.605467
16.020000,0.682724
16.030000,0.668821
16.040000,0.691685
16.050000,0.660681
16.060000,0.677757
16.070000,0.733028
16.080000,0.666742
16.090000,0.699702
16.100000,0.700226
16.110000,0.690405
16.120000,0.879318
16.130000,0.977307
16.140000,1.001751
16.150000,0.849977
16.160000,1.151190
16.170000,1.223194
16.180000,1.149386
16.190000,1.278297
16.200000,1.470106
16.210000,0.918607
16.220000,0.952860
16.230000,0.860050
16.240000,0.731438
16.250000,0.568989
16.260000,0.766980
16.270000,0.762715
16.280000,0.527753
16.290000,0.675769
16.300000,0.702997
16.310000,0.655262
16.320000,0.785719
16.330000,0.809806
16.340000,0.860683
16.350000,1.008896
16.360000,0.918676
16.370000,0.790295
16.380000,0.747044
16.390000,0.749601
16.400000,0.698335
16.410000,0.617982
16.420000,0.606141
16.430000,0.702132
16.440000,0.714658
16.450000,0.813281
16.460000,0.736289
16.470000,0.763012
16.480000,0.823973
16.490000,0.936888
16.500000,0.922667
16.510000,0.956876
16.520000,0.879704
16.530000,0.672308
16.540000,0.789452
16.550000,0.746272
16.560000,0.718054
16.570000,0.914859
16.580000,0.965309
16.590000,1.020721
16.600000,0.762802
16.610000,0.903552
16.620000,0.820191
16.630000,0.598489
16.640000,0.613709
16.650000,0.604628
16.660000,0.634460
16.670000,0.714613
16.680000,0.674775
16.690000,0.587278
16.700000,0.843798
16.710000,0.659897
16.720000,0.667439
16.730000,0.838412
16.740000,0.672173
16.750000,0.519582
16.760000,0.784800
16.770000,0.670786
16.780000,0.712688
16.790000,0.690942
16.800000,0.904910
16.810000,0.915203
16.820000,0.777965
16.830000,0.708371
16.840000,0.795001
16.850000,0.631338
16.860000,0.564334
16.870000,0.690411
16.880000,0.760940
16.890000,0.749343
16.900000,0.781223
16.910000,0.678375
16.920000,0.738348
16.930000,1.011712
16.940000,0.819277
16.950000,0.975196
16.960000,1.205721
16.970000,0.872751
16.980000,0.825708
16.990000,0.880988
17.000000,0.770275
17.010000,0.892471
17.020000,0.792580
17.030000,0.793021
17.040000,1.039957
17.050000,0.868295
17.060000,0.667890
17.070000,0.760970
17.080000,0.820152
17.090000,0.831952
17.100000,0.706935
17.110000,0.705079
17.120000,0.874300
17.130000,0.913065
17.140000,0.954486
17.150000,0.783334
17.160000,0.772627
17.170000,1.033703
17.180000,0.729692
17.190000,0.879179
17.200000,0.976636
17.210000,0.909898
17.220000,0.885892
17.230000,0.932486
17.240000,0.981890
17.250000,0.918702
17.260000,0.867210
17.270000,0.867066
17.280000,1.076597
17.290000,1.007432
17.300000,0.977415
17.310000,0.927642
17.320000,0.967555
17.330000,0.793365
17.340000,0.826546
17.350000,0.810595
17.360000,0.965682
17.370000,1.016830
17.380000,1.219387
17.390000,1.100314
17.400000,1.323520
17.410000,1.073169
17.420000,1.193202
17.430000,1.394547
17.440000,1.213601
17.450000,1.182309
17.460000,0.969698
17.470000,0.957307
17.480000,1.048922
17.490000,1.016208
17.500000,1.046489
17.510000,1.320143
17.520000,1.366775
17.530000,1.567928
17.540000,1.563868
17.550000,1.945808
17.560000,1.640824
17.570000,1.645160
17.580000,1.462703
17.590000,1.717857
17.600000,1.494885
17.610000,1.706969
17.620000,1.774486
17.630000,1.836499
17.640000,2.009889
17.650000,1.939857
17.660000,1.621399
17.670000,1.856096
17.680000,1.713479
17.690000,1.711638
17.700000,1.578505
17.710000,1.637735
17.720000,1.881862
17.730000,1.590804
17.740000,1.877828
17.750000,1.551108
17.760000,1.788827
17.770000,1.543458
17.780000,1.628338
17.790000,1.769157
17.800000,1.512423
17.810000,1.674289
17.820000,1.766699
17.830000,1.474741
17.840000,1.565602
17.850000,1.524440
17.860000,1.616726
17.870000,1.585771
17.880000,1.663594
17.890000,1.648001
17.900000,1.524666
17.910000,1.576544
17.920000,1.755120
17.930000,1.385102
17.940000,1.410823
17.950000,1.406083
17.960000,1.131217
17.970000,1.469438
17.980000,1.587916
17.990000,1.250790
18.000000,1.460302
18.010000,1.460863
18.020000,1.379043
18.030000,1.251097
18.040000,1.285646
18.050000,1.141309
18.060000,1.122392
18.070000,0.838425
18.080000,1.089230
18.090000,1.131791
18.100000,1.004818
18.110000,1.032211
18.120000,0.989742
18.130000,0.940001
18.140000,1.061129
18.150000,1.073637
18.160000,0.939808
18.170000,1.163328
18.180000,1.158104
18.190000,1.028860
18.200000,1.154288
18.210000,1.070609
18.220000,0.827459
18.230000,0.866451
18.240000,0.918598
18.250000,0.816291
18.260000,1.059397
18.270000,1.095474
18.280000,1.146368
18.290000,1.289339
18.300000,1.155403
18.310000,1.095778
18.320000,1.050032
18.330000,1.018479
18.340000,1.183511
18.350000,1.242741
18.360000,1.094476
18.370000,1.435938
18.380000,1.381425
18.390000,1.066175
18.400000,1.426888
18.410000,1.130396
18.420000,0.992560
18.430000,1.144744
18.440000,0.861440
18.450000,0.875693
18.460000,0.833088
18.470000,0.788190
18.480000,0.843543
18.490000,0.822223
18.500000,1.090366
18.510000,0.836841
18.520000,0.854720
18.530000,1.010320
18.540000,1.051725
18.550000,0.806586
18.560000,0.926210
18.570000,0.821673
18.580000,0.884683
18.590000,0.886698
18.600000,0.716145
18.610000,0.859874
18.620000,0.956045
18.630000,0.841723
18.640000,0.856504
18.650000,1.078123
18.660000,0.968220
18.670000,0.845871
18.680000,0.750418
18.690000,0.792950
18.700000,0.792361
18.710000,0.746411
18.720000,0.653358
18.730000,0.788950
18.740000,0.735006
18.750000,0.858229
18.760000,0.961580
18.770000,0.879841
18.780000,0.780277
18.790000,0.715311
18.800000,0.775671
18.810000,0.656140
18.820000,0.747133
18.830000,0.661344
18.840000,0.810719
18.850000,0.885277
18.860000,0.840625
18.870000,0.738775
18.880000,0.834176
18.890000,0.898270
18.900000,0.900245
18.910000,0.763653
18.920000,0.723121
18.930000,0.802464
18.940000,0.911217
18.950000,0.831421
18.960000,0.912698
18.970000,0.835914
18.980000,0.732056
18.990000,0.939698
19.000000,0.900219
19.010000,0.751357
19.020000,0.775951
19.030000,0.686831
19.040000,0.581271
19.050000,0.750914
19.060000,0.694008
19.070000,0.661600
19.080000,0.649769
19.090000,0.560025
19.100000,0.566519
19.110000,0.594323
19.120000,0.636627
19.130000,0.551433
19.140000,0.640154
19.150000,0.587764
19.160000,0.623378
19.170000,0.604699
19.180000,0.680013
19.190000,0.596832
19.200000,0.576268
19.210000,0.527288
19.220000,0.535845
19.230000,0.658504
19.240000,0.626401
19.250000,0.596095
19.260000,0.599631
19.270000,0.573694
19.280000,0.641910
19.290000,0.579499
19.300000,0.759419
19.310000,0.843895
19.320000,0.585629
19.330000,0.696611
19.340000,0.684761
19.350000,0.740710
19.360000,0.727893
19.370000,0.910114
19.380000,0.846740
19.390000,1.036670
19.400000,0.980933
19.410000,1.099840
19.420000,1.227843
19.430000,1.112369
19.440000,1.042101
19.450000,0.960798
19.460000,0.894328
19.470000,0.850277
19.480000,1.015405
19.490000,0.796515
19.500000,0.791675
19.510000,0.730208
19.520000,0.809521
19.530000,0.714606
19.540000,0.737300
19.550000,0.859428
19.560000,0.801397
19.570000,0.884887
19.580000,0.835571
19.590000,0.669565
19.600000,0.764962
19.610000,1.034329
19.620000,0.791553
19.630000,0.816306
19.640000,0.960149
19.650000,0.661867
19.660000,0.861999
19.670000,0.963078
19.680000,0.759344
19.690000,0.731998
19.700000,0.689797
19.710000,0.682714
19.720000,0.788949
19.730000,0.983145
19.740000,0.913854
19.750000,0.879012
19.760000,1.012578
19.770000,1.000826
19.780000,0.919652
19.790000,0.941021
19.800000,0.731362
19.810000,0.925582
19.820000,1.035985
19.830000,0.713136
19.840000,0.872848
19.850000,0.975959
19.860000,0.794889
19.870000,1.023594
19.880000,0.798902
19.890000,0.944515
19.900000,0.996461
19.910000,0.834282
19.920000,1.023969
19.930000,0.809442
19.940000,0.779163
19.950000,0.782176
19.960000,0.792454
19.970000,0.719574
19.980000,0.785018
19.990000,0.855492
20.000000,0.772351
20.010000,0.858493
20.020000,1.054313
20.030000,0.835140
20.040000,0.988115
20.050000,0.912658
20.060000,0.773119
20.070000,0.777501
20.080000,0.851812
20.090000,0.894557
20.100000,0.855572
20.110000,1.104845
20.120000,0.857176
20.130000,0.964994
20.140000,0.960224
20.150000,0.919771
20.160000,0.788880
20.170000,0.855510
20.180000,0.855086
20.190000,0.780218
20.200000,0.792361
20.210000,0.892912
20.220000,0.914298
20.230000,0.925288
20.240000,1.096683
20.250000,1.209383
20.260000,1.046549
20.270000,1.243210
20.280000,1.337257
20.290000,0.994653
20.300000,1.379726
20.310000,1.181802
20.320000,1.362117
20.330000,1.127050
20.340000,1.112688
20.350000,1.248182
20.360000,1.252420
20.370000,1.367713
20.380000,1.346144
20.390000,1.290236
20.400000,1.393994
20.410000,1.443818
20.420000,1.300885
20.430000,1.363396
20.440000,1.222001
20.450000,1.160432
20.460000,1.439687
20.470000,1.127636
20.480000,1.111262
20.490000,1.187389
20.500000,1.052968
20.510000,1.325274
20.520000,1.219495
20.530000,1.362018
20.540000,1.566159
20.550000,1.536111
20.560000,1.526507
20.570000,1.531617
20.580000,1.683990
20.590000,1.604777
20.600000,1.665575
20.610000,1.633470
20.620000,1.411605
20.630000,1.436353
20.640000,1.383919
20.650000,1.130812
20.660000,1.229757
20.670000,1.263057
20.680000,1.075743
20.690000,1.242145
20.700000,1.403019
20.710000,1.315012
20.720000,1.476590
20.730000,1.513396
20.740000,1.348230
20.750000,1.459879
20.760000,1.433010
20.770000,1.356536
20.780000,1.344002
20.790000,1.294069
20.800000,1.341374
20.810000,1.195682
20.820000,1.278715
20.830000,1.185940
20.840000,1.334061
20.850000,1.365987
20.860000,1.450555
20.870000,1.434776
20.880000,1.424629
20.890000,1.329096
20.900000,1.417802
20.910000,1.311589
20.920000,1.445658
20.930000,1.406333
20.940000,1.456511
20.950000,1.345768
20.960000,1.332463
20.970000,1.169635
20.980000,1.446821
20.990000,1.315119
21.000000,1.334040
21.010000,1.331496
21.020000,1.378582
21.030000,1.317608
21.040000,1.260800
21.050000,1.374565
21.060000,1.056777
21.070000,1.279220
21.080000,1.267047
21.090000,1.109713
21.100000,1.245075
21.110000,1.277820
21.120000,1.198010
21.130000,1.159905
21.140000,1.169576
21.150000,1.146842
21.160000,0.912489
21.170000,0.970811
21.180000,0.977348
21.190000,0.902022
21.200000,1.005397
21.210000,0.979022
21.220000,0.995141
21.230000,1.365240
21.240000,1.079355
21.250000,1.063307
21.260000,0.930410
21.270000,1.180567
21.280000,1.005679
21.290000,1.094652
21.300000,0.980972
21.310000,0.804686
21.320000,0.980775
21.330000,0.782950
21.340000,0.861695
21.350000,0.845390
21.360000,0.871436
21.370000,0.928654
21.380000,0.926488
21.390000,0.867762
21.400000,1.165897
21.410000,0.969302
21.420000,1.022018
21.430000,1.208912
21.440000,1.010124
21.450000,1.138576
21.460000,0.977399
21.470000,0.855041
21.480000,0.941142
21.490000,0.889432
21.500000,0.877965
21.510000,0.961066
21.520000,0.972953
21.530000,1.113417
21.540000,1.092840
21.550000,1.068415
21.560000,1.185591
21.570000,1.039666
21.580000,1.086953
21.590000,1.110037
21.600000,1.012074
21.610000,0.916772
21.620000,1.026556
21.630000,0.938184
21.640000,0.879846
21.650000,0.997905
21.660000,0.852387
21.670000,0.812969
21.680000,0.794942
21.690000,0.798560
21.700000,0.797054
21.710000,0.838056
21.720000,0.847049
21.730000,0.764422
21.740000,0.740078
21.750000,0.803310
21.760000,0.822657
21.770000,0.776486
21.780000,0.700317
21.790000,0.744471
21.800000,0.647149
21.810000,0.739968
21.820000,0.650800
21.830000,0.824544
21.840000,0.772585
21.850000,0.737766
21.860000,0.795316
21.870000,0.593850
21.880000,0.696552
21.890000,0.806070
21.900000,0.757926
21.910000,0.682639
21.920000,0.776525
21.930000,0.873702
21.940000,0.741492
21.950000,0.800633
21.960000,0.796473
21.970000,0.668834
21.980000,0.890391
21.990000,0.761281
